T.BREAK,BREAK,T.SYNC,SYNC,T.PID,PID,T.D,Dn...
-0.950594375000000,'0' (0x00),-0.949815250000000,U (0x55),-0.949088000000000,'17' (0x11),-0.948257000000000,'0' (0x00),-0.947737625000000,'0' (0x00),-0.947218250000000,'0' (0x00),-0.946698875000000,'238' (0xEE)
-0.945660000000000,'0' (0x00),-0.944880875000000,U (0x55),-0.944309625000000,'8' (0x08),-0.943356750000000,'222' (0xDE),-0.942786875000000,\t (0x09),-0.942217125000000,` (0x60),-0.941647250000000,'175' (0xAF)
-0.940621875000000,'0' (0x00),-0.939842750000000,U (0x55),-0.939063625000000,\t (0x09),-0.938110750000000,'213' (0xD5),-0.937540750000000,\t (0x09),-0.936970625000000,` (0x60),-0.936400500000000,w (0x77)
-0.935635875000000,'0' (0x00),-0.934856750000000,U (0x55),-0.934077625000000,'16' (0x10)
-0.930649625000000,'0' (0x00),-0.929870500000000,U (0x55),-0.929091375000000,'16' (0x10)
-0.925663500000000,'0' (0x00),-0.924884500000000,U (0x55),-0.924365250000000,'16' (0x10)
-0.920625875000000,'0' (0x00),-0.919846750000000,U (0x55),-0.919119625000000,'16' (0x10)
-0.915640125000000,'0' (0x00),-0.914861000000000,U (0x55),-0.914134000000000,'16' (0x10)
-0.910654500000000,'0' (0x00),-0.909875500000000,U (0x55),-0.909096375000000,'16' (0x10)
-0.905669000000000,'0' (0x00),-0.904890125000000,U (0x55),-0.904111125000000,'1' (0x01)
-0.900683250000000,'0' (0x00),-0.899904250000000,U (0x55),-0.899125125000000,'18' (0x12),-0.898294125000000,'222' (0xDE),-0.897774750000000,\t (0x09),-0.897255250000000,'252' (0xFC),-0.896735875000000,'136' (0x88)
-0.850716875000000,'0' (0x00),-0.849937750000000,U (0x55),-0.849210625000000,'17' (0x11),-0.848379625000000,'0' (0x00),-0.847860250000000,'0' (0x00),-0.847340750000000,'0' (0x00),-0.846821250000000,'238' (0xEE)
-0.845782500000000,'0' (0x00),-0.845003500000000,U (0x55),-0.844432250000000,'8' (0x08),-0.843738625000000,'222' (0xDE),-0.843168750000000,\t (0x09),-0.842598875000000,` (0x60),-0.842029000000000,'175' (0xAF)
-0.840744500000000,'0' (0x00),-0.839965375000000,U (0x55),-0.839186250000000,\t (0x09),-0.838440875000000,'213' (0xD5),-0.837871000000000,\t (0x09),-0.837301000000000,` (0x60),-0.836731000000000,w (0x77)
-0.835758000000000,'0' (0x00),-0.834978875000000,U (0x55),-0.834199750000000,'16' (0x10)
-0.830771625000000,'0' (0x00),-0.829992500000000,U (0x55),-0.829213375000000,'16' (0x10)
-0.825733375000000,'0' (0x00),-0.824954250000000,U (0x55),-0.824227125000000,'16' (0x10)
-0.820747375000000,'0' (0x00),-0.819968250000000,U (0x55),-0.819241125000000,'16' (0x10)
-0.815761000000000,'0' (0x00),-0.814981750000000,U (0x55),-0.814254500000000,'16' (0x10)
-0.810774375000000,'0' (0x00),-0.809995250000000,U (0x55),-0.809216000000000,'16' (0x10)
-0.805787625000000,'0' (0x00),-0.805008500000000,U (0x55),-0.804229250000000,'1' (0x01)
-0.800800875000000,'0' (0x00),-0.800021750000000,U (0x55),-0.799242750000000,'18' (0x12),-0.798411750000000,'222' (0xDE),-0.797892375000000,\t (0x09),-0.797372875000000,'252' (0xFC),-0.796853375000000,'136' (0x88)
-0.750835125000000,'0' (0x00),-0.750056250000000,U (0x55),-0.749329250000000,'17' (0x11),-0.748446375000000,'0' (0x00),-0.747927125000000,'0' (0x00),-0.747407625000000,'0' (0x00),-0.746888375000000,'238' (0xEE)
-0.745849375000000,'0' (0x00),-0.745070250000000,U (0x55),-0.744291125000000,'8' (0x08),-0.743391000000000,'222' (0xDE),-0.742821375000000,\t (0x09),-0.742251750000000,` (0x60),-0.741682125000000,'175' (0xAF)
-0.740863125000000,'0' (0x00),-0.740084000000000,U (0x55),-0.739304750000000,\t (0x09),-0.738403875000000,'213' (0xD5),-0.737833750000000,\t (0x09),-0.737263625000000,` (0x60),-0.736693625000000,w (0x77)
-0.735876375000000,'0' (0x00),-0.735097250000000,U (0x55),-0.734318000000000,'16' (0x10)
-0.730889500000000,'0' (0x00),-0.730110375000000,U (0x55),-0.729591000000000,'16' (0x10)
-0.725851000000000,'0' (0x00),-0.725071875000000,U (0x55),-0.724344625000000,'16' (0x10)
-0.720864625000000,'0' (0x00),-0.720085500000000,U (0x55),-0.719358375000000,'16' (0x10)
-0.715878125000000,'0' (0x00),-0.715099125000000,U (0x55),-0.714320000000000,'16' (0x10)
-0.710891875000000,'0' (0x00),-0.710112750000000,U (0x55),-0.709333625000000,'16' (0x10)
-0.705905750000000,'0' (0x00),-0.705126750000000,U (0x55),-0.704347625000000,'1' (0x01)
-0.700919500000000,'0' (0x00),-0.700140375000000,U (0x55),-0.699361250000000,'18' (0x12),-0.698530125000000,'222' (0xDE),-0.698010625000000,\t (0x09),-0.697491250000000,'252' (0xFC),-0.696971875000000,'136' (0x88)
-0.650953625000000,'0' (0x00),-0.650174500000000,U (0x55),-0.649447500000000,'17' (0x11),-0.648564500000000,'0' (0x00),-0.648045125000000,'0' (0x00),-0.647525875000000,'0' (0x00),-0.647006500000000,'238' (0xEE)
-0.645967750000000,'0' (0x00),-0.645188875000000,U (0x55),-0.644409875000000,'8' (0x08),-0.643664750000000,'222' (0xDE),-0.643095000000000,\t (0x09),-0.642525375000000,` (0x60),-0.641955625000000,'175' (0xAF)
-0.640982250000000,'0' (0x00),-0.640203250000000,U (0x55),-0.639424250000000,\t (0x09),-0.638730750000000,'213' (0xD5),-0.638160750000000,\t (0x09),-0.637590750000000,` (0x60),-0.637020875000000,w (0x77)
-0.635996500000000,'0' (0x00),-0.635217500000000,U (0x55),-0.634698125000000,'16' (0x10)
-0.631011000000000,'0' (0x00),-0.630232000000000,U (0x55),-0.629660750000000,'16' (0x10)
-0.625973125000000,'0' (0x00),-0.625194125000000,U (0x55),-0.624467000000000,'16' (0x10)
-0.620987125000000,'0' (0x00),-0.620208125000000,U (0x55),-0.619481000000000,'16' (0x10)
-0.616001000000000,'0' (0x00),-0.615222000000000,U (0x55),-0.614442875000000,'16' (0x10)
-0.611014625000000,'0' (0x00),-0.610235500000000,U (0x55),-0.609456250000000,'16' (0x10)
-0.606028125000000,'0' (0x00),-0.605249125000000,U (0x55),-0.604470000000000,'1' (0x01)
-0.600989875000000,'0' (0x00),-0.600210875000000,U (0x55),-0.599483750000000,'18' (0x12),-0.598652750000000,'222' (0xDE),-0.598133375000000,\t (0x09),-0.597614000000000,'252' (0xFC),-0.597094625000000,'136' (0x88)
-0.551079000000000,'0' (0x00),-0.550299875000000,U (0x55),-0.549520750000000,'17' (0x11),-0.548689750000000,'0' (0x00),-0.548170500000000,'0' (0x00),-0.547651125000000,'0' (0x00),-0.547131750000000,'238' (0xEE)
-0.546093125000000,'0' (0x00),-0.545314125000000,U (0x55),-0.544535125000000,'8' (0x08),-0.543531500000000,'222' (0xDE),-0.542961875000000,\t (0x09),-0.542392375000000,` (0x60),-0.541822750000000,'175' (0xAF)
-0.541107625000000,'0' (0x00),-0.540328625000000,U (0x55),-0.539549500000000,\t (0x09),-0.538596750000000,'213' (0xD5),-0.538026750000000,\t (0x09),-0.537456750000000,` (0x60),-0.536886875000000,w (0x77)
-0.536121500000000,'0' (0x00),-0.535342375000000,U (0x55),-0.534822875000000,'16' (0x10)
-0.531083625000000,'0' (0x00),-0.530304500000000,U (0x55),-0.529577375000000,'16' (0x10)
-0.526097625000000,'0' (0x00),-0.525318625000000,U (0x55),-0.524591625000000,'16' (0x10)
-0.521112000000000,'0' (0x00),-0.520333000000000,U (0x55),-0.519554125000000,'16' (0x10)
-0.516126250000000,'0' (0x00),-0.515347250000000,U (0x55),-0.514568250000000,'16' (0x10)
-0.511140625000000,'0' (0x00),-0.510361750000000,U (0x55),-0.509582875000000,'16' (0x10)
-0.506155625000000,'0' (0x00),-0.505376625000000,U (0x55),-0.504597625000000,'1' (0x01)
-0.501118000000000,'0' (0x00),-0.500338875000000,U (0x55),-0.499611750000000,'18' (0x12),-0.498780750000000,'222' (0xDE),-0.498261250000000,\t (0x09),-0.497741875000000,'252' (0xFC),-0.497222375000000,'136' (0x88)
-0.451203875000000,'0' (0x00),-0.450424750000000,U (0x55),-0.449645625000000,'17' (0x11),-0.448814625000000,'0' (0x00),-0.448295250000000,'0' (0x00),-0.447775875000000,'0' (0x00),-0.447256500000000,'238' (0xEE)
-0.446217625000000,'0' (0x00),-0.445438375000000,U (0x55),-0.444659375000000,'8' (0x08),-0.443707375000000,'222' (0xDE),-0.443137875000000,\t (0x09),-0.442568125000000,` (0x60),-0.441998500000000,'175' (0xAF)
-0.441231250000000,'0' (0x00),-0.440452125000000,U (0x55),-0.439673000000000,\t (0x09),-0.438823875000000,'213' (0xD5),-0.438253875000000,\t (0x09),-0.437684000000000,` (0x60),-0.437114000000000,w (0x77)
-0.436244750000000,'0' (0x00),-0.435465500000000,U (0x55),-0.434894250000000,'16' (0x10)
-0.431206625000000,'0' (0x00),-0.430427375000000,U (0x55),-0.429700250000000,'16' (0x10)
-0.426220625000000,'0' (0x00),-0.425441375000000,U (0x55),-0.424714250000000,'16' (0x10)
-0.421234500000000,'0' (0x00),-0.420455375000000,U (0x55),-0.419676375000000,'16' (0x10)
-0.416248375000000,'0' (0x00),-0.415469250000000,U (0x55),-0.414690000000000,'16' (0x10)
-0.411261750000000,'0' (0x00),-0.410482625000000,U (0x55),-0.409703500000000,'16' (0x10)
-0.406223625000000,'0' (0x00),-0.405444500000000,U (0x55),-0.404717375000000,'1' (0x01)
-0.401237625000000,'0' (0x00),-0.400458625000000,U (0x55),-0.399731375000000,'18' (0x12),-0.398900500000000,'222' (0xDE),-0.398381125000000,\t (0x09),-0.397861750000000,'252' (0xFC),-0.397342375000000,'136' (0x88)
-0.351327125000000,'0' (0x00),-0.350548125000000,U (0x55),-0.349769000000000,'17' (0x11),-0.348937875000000,'0' (0x00),-0.348418500000000,'0' (0x00),-0.347899125000000,'0' (0x00),-0.347379750000000,'238' (0xEE)
-0.346340875000000,'0' (0x00),-0.345561750000000,U (0x55),-0.344782625000000,'8' (0x08),-0.343985625000000,'222' (0xDE),-0.343416000000000,\t (0x09),-0.342846125000000,` (0x60),-0.342276500000000,'175' (0xAF)
-0.341354250000000,'0' (0x00),-0.340575250000000,U (0x55),-0.340056000000000,\t (0x09),-0.339310000000000,'213' (0xD5),-0.338740000000000,\t (0x09),-0.338170000000000,` (0x60),-0.337600000000000,w (0x77)
-0.336368375000000,'0' (0x00),-0.335589250000000,U (0x55),-0.335017875000000,'16' (0x10)
-0.331330375000000,'0' (0x00),-0.330551250000000,U (0x55),-0.329824125000000,'16' (0x10)
-0.326344375000000,'0' (0x00),-0.325565375000000,U (0x55),-0.324786375000000,'16' (0x10)
-0.321358500000000,'0' (0x00),-0.320579375000000,U (0x55),-0.319800500000000,'16' (0x10)
-0.316372500000000,'0' (0x00),-0.315593375000000,U (0x55),-0.314814250000000,'16' (0x10)
-0.311386125000000,'0' (0x00),-0.310607125000000,U (0x55),-0.309828125000000,'16' (0x10)
-0.306348375000000,'0' (0x00),-0.305569375000000,U (0x55),-0.304842250000000,'1' (0x01)
-0.301362625000000,'0' (0x00),-0.300583625000000,U (0x55),-0.299856500000000,'18' (0x12),-0.299025500000000,'222' (0xDE),-0.298506000000000,\t (0x09),-0.297986625000000,'252' (0xFC),-0.297467250000000,'136' (0x88)
-0.251450750000000,'0' (0x00),-0.250671625000000,U (0x55),-0.249892500000000,'17' (0x11),-0.249061625000000,'0' (0x00),-0.248542125000000,'0' (0x00),-0.248022750000000,'0' (0x00),-0.247503250000000,'238' (0xEE)
-0.246464500000000,'0' (0x00),-0.245685500000000,U (0x55),-0.244906375000000,'8' (0x08),-0.244109875000000,'222' (0xDE),-0.243540250000000,\t (0x09),-0.242970500000000,` (0x60),-0.242400875000000,'175' (0xAF)
-0.241478375000000,'0' (0x00),-0.240699250000000,U (0x55),-0.240127875000000,\t (0x09),-0.239174750000000,'213' (0xD5),-0.238604750000000,\t (0x09),-0.238034750000000,` (0x60),-0.237464625000000,w (0x77)
-0.236491875000000,'0' (0x00),-0.235712750000000,U (0x55),-0.235141375000000,'16' (0x10)
-0.231453875000000,'0' (0x00),-0.230675000000000,U (0x55),-0.229947750000000,'16' (0x10)
-0.226468000000000,'0' (0x00),-0.225689000000000,U (0x55),-0.224910000000000,'16' (0x10)
-0.221482375000000,'0' (0x00),-0.220703250000000,U (0x55),-0.219924250000000,'16' (0x10)
-0.216496375000000,'0' (0x00),-0.215717375000000,U (0x55),-0.214938250000000,'16' (0x10)
-0.211459000000000,'0' (0x00),-0.210680125000000,U (0x55),-0.209953000000000,'16' (0x10)
-0.206473125000000,'0' (0x00),-0.205694000000000,U (0x55),-0.204967000000000,'1' (0x01)
-0.201487250000000,'0' (0x00),-0.200708000000000,U (0x55),-0.199980875000000,'18' (0x12),-0.199097750000000,'222' (0xDE),-0.198578375000000,\t (0x09),-0.198059000000000,'252' (0xFC),-0.197539625000000,'136' (0x88)
-0.151526750000000,'0' (0x00),-0.150747875000000,U (0x55),-0.150020875000000,'17' (0x11),-0.149190000000000,'0' (0x00),-0.148670750000000,'0' (0x00),-0.148151500000000,'0' (0x00),-0.147632250000000,'238' (0xEE)
-0.146593625000000,'0' (0x00),-0.145814750000000,U (0x55),-0.145295375000000,'8' (0x08),-0.144549750000000,'222' (0xDE),-0.143980000000000,\t (0x09),-0.143410250000000,` (0x60),-0.142840500000000,'175' (0xAF)
-0.141607875000000,'0' (0x00),-0.140828875000000,U (0x55),-0.140257625000000,\t (0x09),-0.139563375000000,'213' (0xD5),-0.138993500000000,\t (0x09),-0.138423500000000,` (0x60),-0.137853750000000,w (0x77)
-0.136570250000000,'0' (0x00),-0.135791250000000,U (0x55),-0.135064250000000,'16' (0x10)
-0.131585000000000,'0' (0x00),-0.130806000000000,U (0x55),-0.130027250000000,'16' (0x10)
-0.126599625000000,'0' (0x00),-0.125820625000000,U (0x55),-0.125041625000000,'16' (0x10)
-0.121614250000000,'0' (0x00),-0.120835375000000,U (0x55),-0.120056375000000,'16' (0x10)
-0.116628750000000,'0' (0x00),-0.115849625000000,U (0x55),-0.115070500000000,'16' (0x10)
-0.111591125000000,'0' (0x00),-0.110812125000000,U (0x55),-0.110085000000000,'16' (0x10)
-0.106605125000000,'0' (0x00),-0.105826000000000,U (0x55),-0.105099000000000,'1' (0x01)
-0.101619625000000,'0' (0x00),-0.100840625000000,U (0x55),-0.100113500000000,'18' (0x12),-0.099230625000000,'222' (0xDE),-0.098711250000000,\t (0x09),-0.098191875000000,'252' (0xFC),-0.097672500000000,'136' (0x88)
-0.051656625000000,'0' (0x00),-0.050877500000000,U (0x55),-0.050150375000000,'17' (0x11),-0.049319375000000,'0' (0x00),-0.048800000000000,'0' (0x00),-0.048280750000000,'0' (0x00),-0.047761250000000,'238' (0xEE)
-0.046722500000000,'0' (0x00),-0.045943375000000,U (0x55),-0.045372125000000,'8' (0x08),-0.044419250000000,'222' (0xDE),-0.043849375000000,\t (0x09),-0.043279625000000,` (0x60),-0.042709875000000,'175' (0xAF)
-0.041736500000000,'0' (0x00),-0.040957375000000,U (0x55),-0.040386125000000,\t (0x09),-0.039536750000000,'213' (0xD5),-0.038966625000000,\t (0x09),-0.038396750000000,` (0x60),-0.037826750000000,w (0x77)
-0.036698625000000,'0' (0x00),-0.035919625000000,U (0x55),-0.035192500000000,'16' (0x10)
-0.031712750000000,'0' (0x00),-0.030933875000000,U (0x55),-0.030154750000000,'16' (0x10)
-0.026726750000000,'0' (0x00),-0.025947750000000,U (0x55),-0.025168625000000,'16' (0x10)
-0.021741125000000,'0' (0x00),-0.020962125000000,U (0x55),-0.020183125000000,'16' (0x10)
-0.016755625000000,'0' (0x00),-0.015976625000000,U (0x55),-0.015457125000000,'16' (0x10)
-0.011718125000000,'0' (0x00),-0.010939125000000,U (0x55),-0.010212000000000,'16' (0x10)
-0.006732125000000,'0' (0x00),-0.005953125000000,U (0x55),-0.005226125000000,'1' (0x01)
-0.001746375000000,'0' (0x00),-0.000967500000000,U (0x55),-0.000240500000000,'18' (0x12),0.000642375000000,'222' (0xDE),0.001161625000000,\t (0x09),0.001680875000000,'252' (0xFC),0.002200250000000,'136' (0x88)
0.048215250000000,'0' (0x00),0.048994125000000,U (0x55),0.049721250000000,'17' (0x11),0.050552250000000,'0' (0x00),0.051071625000000,'0' (0x00),0.051590875000000,'0' (0x00),0.052110250000000,'238' (0xEE)
0.053148875000000,'0' (0x00),0.053927875000000,U (0x55),0.054499250000000,'8' (0x08),0.055193000000000,'222' (0xDE),0.055762750000000,\t (0x09),0.056332625000000,` (0x60),0.056902375000000,'175' (0xAF)
0.058187000000000,'0' (0x00),0.058965875000000,U (0x55),0.059693000000000,\t (0x09),0.060490250000000,'213' (0xD5),0.061060250000000,\t (0x09),0.061630125000000,` (0x60),0.062200000000000,w (0x77)
0.063172750000000,'0' (0x00),0.063951750000000,U (0x55),0.064730875000000,'16' (0x10)
0.068159000000000,'0' (0x00),0.068937875000000,U (0x55),0.069716875000000,'16' (0x10)
0.073144500000000,'0' (0x00),0.073923500000000,U (0x55),0.074702500000000,'16' (0x10)
0.078130000000000,'0' (0x00),0.078909125000000,U (0x55),0.079688250000000,'16' (0x10)
0.083168000000000,'0' (0x00),0.083947125000000,U (0x55),0.084674375000000,'16' (0x10)
0.088154125000000,'0' (0x00),0.088933125000000,U (0x55),0.089660125000000,'16' (0x10)
0.093140125000000,'0' (0x00),0.093919375000000,U (0x55),0.094646625000000,'1' (0x01)
0.098126625000000,'0' (0x00),0.098905750000000,U (0x55),0.099684875000000,'18' (0x12),0.100515875000000,'222' (0xDE),0.101035250000000,\t (0x09),0.101554625000000,'196' (0xC4),0.102074000000000,'192' (0xC0)
0.148089875000000,'0' (0x00),0.148869000000000,U (0x55),0.149596125000000,'17' (0x11),0.150427125000000,'0' (0x00),0.150946500000000,'0' (0x00),0.151465875000000,'0' (0x00),0.151985250000000,'238' (0xEE)
0.153024000000000,'0' (0x00),0.153803125000000,U (0x55),0.154374500000000,'8' (0x08),0.155120125000000,'222' (0xDE),0.155689875000000,\t (0x09),0.156259625000000,` (0x60),0.156829375000000,'175' (0xAF)
0.158061875000000,'0' (0x00),0.158840875000000,U (0x55),0.159568000000000,\t (0x09),0.160468750000000,'213' (0xD5),0.161038625000000,\t (0x09),0.161608500000000,` (0x60),0.162178500000000,w (0x77)
0.163047500000000,'0' (0x00),0.163826500000000,U (0x55),0.164605500000000,'16' (0x10)
0.168033250000000,'0' (0x00),0.168812375000000,U (0x55),0.169591375000000,'16' (0x10)
0.173019625000000,'0' (0x00),0.173798750000000,U (0x55),0.174578000000000,'16' (0x10)
0.178006125000000,'0' (0x00),0.178785125000000,U (0x55),0.179304500000000,'16' (0x10)
0.183044250000000,'0' (0x00),0.183823375000000,U (0x55),0.184550500000000,'16' (0x10)
0.188030125000000,'0' (0x00),0.188809250000000,U (0x55),0.189536250000000,'16' (0x10)
0.193015875000000,'0' (0x00),0.193795000000000,U (0x55),0.194574125000000,'1' (0x01)
0.198001875000000,'0' (0x00),0.198781000000000,U (0x55),0.199560000000000,'18' (0x12),0.200391125000000,'213' (0xD5),0.200910375000000,\t (0x09),0.201429750000000,'134' (0x86),0.201949250000000,'8' (0x08)
0.247967500000000,'0' (0x00),0.248746625000000,U (0x55),0.249473875000000,'17' (0x11),0.250304875000000,'0' (0x00),0.250824125000000,'0' (0x00),0.251343500000000,'0' (0x00),0.251862875000000,'238' (0xEE)
0.252901625000000,'0' (0x00),0.253680625000000,U (0x55),0.254252000000000,'8' (0x08),0.255101250000000,'222' (0xDE),0.255670875000000,\t (0x09),0.256240625000000,'2' (0x02),0.256810250000000,'14' (0x0E)
0.257939500000000,'0' (0x00),0.258718625000000,U (0x55),0.259497625000000,\t (0x09),0.260502125000000,'213' (0xD5),0.261072000000000,\t (0x09),0.261642000000000,'2' (0x02),0.262211875000000,'213' (0xD5)
0.262925500000000,'0' (0x00),0.263704625000000,U (0x55),0.264483875000000,'16' (0x10)
0.267911750000000,'0' (0x00),0.268690750000000,U (0x55),0.269469750000000,'16' (0x10)
0.272897375000000,'0' (0x00),0.273676375000000,U (0x55),0.274455625000000,'16' (0x10)
0.277935625000000,'0' (0x00),0.278714625000000,U (0x55),0.279441750000000,'16' (0x10)
0.282921625000000,'0' (0x00),0.283700875000000,U (0x55),0.284427875000000,'16' (0x10)
0.287907875000000,'0' (0x00),0.288686875000000,U (0x55),0.289414000000000,'16' (0x10)
0.292893875000000,'0' (0x00),0.293672875000000,U (0x55),0.294451875000000,'1' (0x01)
0.297879250000000,'0' (0x00),0.298658125000000,U (0x55),0.299437000000000,'18' (0x12),0.300267875000000,'213' (0xD5),0.300787125000000,\t (0x09),0.301306500000000,'134' (0x86),0.301825750000000,'8' (0x08)
0.347838625000000,'0' (0x00),0.348617625000000,U (0x55),0.349344750000000,'17' (0x11),0.350175625000000,'0' (0x00),0.350695000000000,'0' (0x00),0.351214250000000,'0' (0x00),0.351733500000000,'238' (0xEE)
0.352772250000000,'0' (0x00),0.353551250000000,U (0x55),0.354122625000000,'8' (0x08),0.355023625000000,'228' (0xE4),0.355593250000000,\t (0x09),0.356162875000000,'2' (0x02),0.356732625000000,'8' (0x08)
0.357810250000000,'0' (0x00),0.358589375000000,U (0x55),0.359368375000000,\t (0x09),0.360165500000000,'216' (0xD8),0.360735500000000,\t (0x09),0.361305250000000,'2' (0x02),0.361875125000000,'210' (0xD2)
0.362796125000000,'0' (0x00),0.363575125000000,U (0x55),0.364354125000000,'16' (0x10)
0.367781875000000,'0' (0x00),0.368560875000000,U (0x55),0.369339875000000,'16' (0x10)
0.372767625000000,'0' (0x00),0.373546625000000,U (0x55),0.374066000000000,'16' (0x10)
0.377805250000000,'0' (0x00),0.378584375000000,U (0x55),0.379311375000000,'16' (0x10)
0.382791375000000,'0' (0x00),0.383570500000000,U (0x55),0.384297625000000,'16' (0x10)
0.387777250000000,'0' (0x00),0.388556375000000,U (0x55),0.389335500000000,'16' (0x10)
0.392763125000000,'0' (0x00),0.393542125000000,U (0x55),0.394321125000000,'1' (0x01)
0.397749125000000,'0' (0x00),0.398528125000000,U (0x55),0.399307125000000,'18' (0x12),0.400138125000000,'216' (0xD8),0.400657500000000,\t (0x09),0.401176750000000,'134' (0x86),0.401696125000000,'5' (0x05)
0.447708750000000,'0' (0x00),0.448487875000000,U (0x55),0.449215000000000,'17' (0x11),0.450046125000000,'0' (0x00),0.450565500000000,'0' (0x00),0.451084750000000,'0' (0x00),0.451604125000000,'238' (0xEE)
0.452694750000000,'0' (0x00),0.453473750000000,U (0x55),0.454252750000000,'8' (0x08),0.455049875000000,'237' (0xED),0.455619625000000,\t (0x09),0.456189375000000,'2' (0x02),0.456759125000000,'254' (0xFE)
0.457680500000000,'0' (0x00),0.458459500000000,U (0x55),0.459238625000000,\t (0x09),0.460087750000000,'222' (0xDE),0.460657625000000,\t (0x09),0.461227625000000,'2' (0x02),0.461797625000000,'204' (0xCC)
0.462666250000000,'0' (0x00),0.463445375000000,U (0x55),0.464224375000000,'16' (0x10)
0.467651875000000,'0' (0x00),0.468430750000000,U (0x55),0.468950125000000,'16' (0x10)
0.472637375000000,'0' (0x00),0.473416250000000,U (0x55),0.473987500000000,'16' (0x10)
0.477674750000000,'0' (0x00),0.478453625000000,U (0x55),0.479180750000000,'16' (0x10)
0.482660250000000,'0' (0x00),0.483439125000000,U (0x55),0.484166125000000,'16' (0x10)
0.487645625000000,'0' (0x00),0.488424625000000,U (0x55),0.489203625000000,'16' (0x10)
0.492631375000000,'0' (0x00),0.493410500000000,U (0x55),0.494189625000000,'1' (0x01)
0.497617375000000,'0' (0x00),0.498396375000000,U (0x55),0.499175250000000,'18' (0x12),0.500006250000000,'222' (0xDE),0.500525625000000,\t (0x09),0.501045000000000,'134' (0x86),0.501564250000000,'254' (0xFE)
0.547579125000000,'0' (0x00),0.548358250000000,U (0x55),0.549085375000000,'17' (0x11),0.549968375000000,'0' (0x00),0.550487750000000,'0' (0x00),0.551007125000000,'0' (0x00),0.551526500000000,'238' (0xEE)
0.552565375000000,'0' (0x00),0.553344375000000,U (0x55),0.554123500000000,'8' (0x08),0.554920250000000,'252' (0xFC),0.555490000000000,\t (0x09),0.556059625000000,'2' (0x02),0.556629375000000,'239' (0xEF)
0.557552000000000,'0' (0x00),0.558331125000000,U (0x55),0.559110125000000,\t (0x09),0.560114625000000,'234' (0xEA),0.560684750000000,\t (0x09),0.561254875000000,'2' (0x02),0.561824750000000,'192' (0xC0)
0.562537875000000,'0' (0x00),0.563316875000000,U (0x55),0.564096000000000,'16' (0x10)
0.567524000000000,'0' (0x00),0.568303125000000,U (0x55),0.568822500000000,'16' (0x10)
0.572562000000000,'0' (0x00),0.573341000000000,U (0x55),0.574068125000000,'16' (0x10)
0.577547375000000,'0' (0x00),0.578326375000000,U (0x55),0.579053375000000,'16' (0x10)
0.582533250000000,'0' (0x00),0.583312250000000,U (0x55),0.584091250000000,'16' (0x10)
0.587519125000000,'0' (0x00),0.588298375000000,U (0x55),0.589077625000000,'16' (0x10)
0.592505625000000,'0' (0x00),0.593284625000000,U (0x55),0.594063625000000,'1' (0x01)
0.597491375000000,'0' (0x00),0.598270375000000,U (0x55),0.598789625000000,'18' (0x12),0.599620750000000,'234' (0xEA),0.600140125000000,\t (0x09),0.600659500000000,'134' (0x86),0.601178875000000,'242' (0xF2)
0.647460625000000,'0' (0x00),0.648239625000000,U (0x55),0.649018625000000,'17' (0x11),0.649849750000000,'0' (0x00),0.650369125000000,'0' (0x00),0.650888500000000,'0' (0x00),0.651408000000000,'238' (0xEE)
0.652446875000000,'0' (0x00),0.653226250000000,U (0x55),0.654005375000000,'8' (0x08),0.654905875000000,'14' (0x0E),0.655475500000000,\n (0x0A),0.656045375000000,'2' (0x02),0.656615000000000,'221' (0xDD)
0.657434000000000,'0' (0x00),0.658213250000000,U (0x55),0.658992500000000,\t (0x09),0.659789750000000,'252' (0xFC),0.660359875000000,\t (0x09),0.660929750000000,'2' (0x02),0.661500125000000,'174' (0xAE)
0.662421000000000,'0' (0x00),0.663200125000000,U (0x55),0.663979250000000,'16' (0x10)
0.667407875000000,'0' (0x00),0.668187000000000,U (0x55),0.668758375000000,'16' (0x10)
0.672446500000000,'0' (0x00),0.673225750000000,U (0x55),0.673953000000000,'16' (0x10)
0.677433625000000,'0' (0x00),0.678212875000000,U (0x55),0.678940125000000,'16' (0x10)
0.682420625000000,'0' (0x00),0.683199875000000,U (0x55),0.683979000000000,'16' (0x10)
0.687407250000000,'0' (0x00),0.688186375000000,U (0x55),0.688965500000000,'16' (0x10)
0.692393500000000,'0' (0x00),0.693172625000000,U (0x55),0.693951750000000,'1' (0x01)
0.697431875000000,'0' (0x00),0.698211000000000,U (0x55),0.698938125000000,'18' (0x12),0.699769250000000,'252' (0xFC),0.700288750000000,\t (0x09),0.700808125000000,'134' (0x86),0.701327625000000,'224' (0xE0)
0.747347375000000,'0' (0x00),0.748126500000000,U (0x55),0.748905750000000,'17' (0x11),0.749736875000000,'0' (0x00),0.750256250000000,'0' (0x00),0.750775625000000,'0' (0x00),0.751294875000000,'238' (0xEE)
0.752333750000000,'0' (0x00),0.753112750000000,U (0x55),0.753891750000000,'8' (0x08),0.754740250000000,& (0x26),0.755310000000000,\n (0x0A),0.755880000000000,'2' (0x02),0.756449875000000,'197' (0xC5)
0.757319750000000,'0' (0x00),0.758098875000000,U (0x55),0.758878000000000,\t (0x09),0.759571625000000,'20' (0x14),0.760141625000000,\n (0x0A),0.760711875000000,'2' (0x02),0.761281875000000,'150' (0x96)
0.762306125000000,'0' (0x00),0.763085125000000,U (0x55),0.763604375000000,'16' (0x10)
0.767343625000000,'0' (0x00),0.768122750000000,U (0x55),0.768849875000000,'16' (0x10)
0.772329625000000,'0' (0x00),0.773108875000000,U (0x55),0.773836000000000,'16' (0x10)
0.777316250000000,'0' (0x00),0.778095250000000,U (0x55),0.778874375000000,'16' (0x10)
0.782302250000000,'0' (0x00),0.783081250000000,U (0x55),0.783860250000000,'16' (0x10)
0.787288250000000,'0' (0x00),0.788067250000000,U (0x55),0.788846500000000,'16' (0x10)
0.792274375000000,'0' (0x00),0.793053375000000,U (0x55),0.793832375000000,'1' (0x01)
0.797312125000000,'0' (0x00),0.798091125000000,U (0x55),0.798818375000000,'18' (0x12),0.799649375000000,'20' (0x14),0.800168750000000,\n (0x0A),0.800688125000000,'134' (0x86),0.801207500000000,'200' (0xC8)
0.847224500000000,'0' (0x00),0.848003625000000,U (0x55),0.848782750000000,'17' (0x11),0.849613750000000,'0' (0x00),0.850133125000000,'0' (0x00),0.850652625000000,'0' (0x00),0.851172000000000,'238' (0xEE)
0.852210750000000,'0' (0x00),0.852989750000000,U (0x55),0.853768875000000,'8' (0x08),0.854462000000000,A (0x41),0.855031625000000,\n (0x0A),0.855601250000000,'2' (0x02),0.856171000000000,'170' (0xAA)
0.857196750000000,'0' (0x00),0.857975750000000,U (0x55),0.858495125000000,\t (0x09),0.859448500000000,/ (0x2F),0.860018625000000,\n (0x0A),0.860588750000000,'2' (0x02),0.861158750000000,{ (0x7B)
0.862182500000000,'0' (0x00),0.862961500000000,U (0x55),0.863532875000000,'16' (0x10)
0.867221000000000,'0' (0x00),0.868000125000000,U (0x55),0.868727250000000,'16' (0x10)
0.872207250000000,'0' (0x00),0.872986375000000,U (0x55),0.873713625000000,'16' (0x10)
0.877193875000000,'0' (0x00),0.877973000000000,U (0x55),0.878752000000000,'16' (0x10)
0.882179625000000,'0' (0x00),0.882958625000000,U (0x55),0.883737625000000,'16' (0x10)
0.887165375000000,'0' (0x00),0.887944500000000,U (0x55),0.888723750000000,'16' (0x10)
0.892203375000000,'0' (0x00),0.892982375000000,U (0x55),0.893709500000000,'1' (0x01)
0.897189375000000,'0' (0x00),0.897968500000000,U (0x55),0.898695625000000,'18' (0x12),0.899526750000000,/ (0x2F),0.900046250000000,\n (0x0A),0.900565625000000,'134' (0x86),0.901085125000000,'173' (0xAD)
0.947104125000000,'0' (0x00),0.947883250000000,U (0x55),0.948662375000000,'17' (0x11),0.949493500000000,'0' (0x00),0.950012875000000,'0' (0x00),0.950532250000000,'0' (0x00),0.951051750000000,'238' (0xEE)
0.952090625000000,'0' (0x00),0.952869750000000,U (0x55),0.953648875000000,'8' (0x08),0.954394000000000,Y (0x59),0.954963750000000,\n (0x0A),0.955533500000000,'2' (0x02),0.956103250000000,'146' (0x92)
0.957077125000000,'0' (0x00),0.957856250000000,U (0x55),0.958375500000000,\t (0x09),0.959121250000000,J (0x4A),0.959691250000000,\n (0x0A),0.960261375000000,'2' (0x02),0.960831500000000,` (0x60)
0.962063375000000,'0' (0x00),0.962842500000000,U (0x55),0.963413875000000,'16' (0x10)
0.967101375000000,'0' (0x00),0.967880375000000,U (0x55),0.968607375000000,'16' (0x10)
0.972087500000000,'0' (0x00),0.972866625000000,U (0x55),0.973645750000000,'16' (0x10)
0.977074125000000,'0' (0x00),0.977853125000000,U (0x55),0.978632375000000,'16' (0x10)
0.982060500000000,'0' (0x00),0.982839625000000,U (0x55),0.983618625000000,'16' (0x10)
0.987046500000000,'0' (0x00),0.987825625000000,U (0x55),0.988604750000000,'16' (0x10)
0.992084750000000,'0' (0x00),0.992863875000000,U (0x55),0.993591125000000,'1' (0x01)
0.997071000000000,'0' (0x00),0.997850125000000,U (0x55),0.998577125000000,'18' (0x12),0.999408125000000,J (0x4A),0.999927500000000,\n (0x0A),1.000446875000000,'134' (0x86),1.000966250000000,'146' (0x92)
1.046983750000000,'0' (0x00),1.047762750000000,U (0x55),1.048541875000000,'17' (0x11),1.049373000000000,'0' (0x00),1.049892375000000,'0' (0x00),1.050411750000000,'0' (0x00),1.050931125000000,'238' (0xEE)
1.051969875000000,'0' (0x00),1.052749000000000,U (0x55),1.053528000000000,'8' (0x08),1.054376750000000,t (0x74),1.054946625000000,\n (0x0A),1.055516375000000,'2' (0x02),1.056086250000000,w (0x77)
1.056956000000000,'0' (0x00),1.057734875000000,U (0x55),1.058306375000000,\t (0x09),1.059259625000000,b (0x62),1.059829500000000,\n (0x0A),1.060399625000000,'2' (0x02),1.060969625000000,H (0x48)
1.061942500000000,'0' (0x00),1.062721625000000,U (0x55),1.063293000000000,'16' (0x10)
1.066980250000000,'0' (0x00),1.067759125000000,U (0x55),1.068486250000000,'16' (0x10)
1.071965500000000,'0' (0x00),1.072744500000000,U (0x55),1.073523500000000,'16' (0x10)
1.076950625000000,'0' (0x00),1.077729625000000,U (0x55),1.078508750000000,'16' (0x10)
1.081936750000000,'0' (0x00),1.082715875000000,U (0x55),1.083494875000000,'16' (0x10)
1.086974500000000,'0' (0x00),1.087753500000000,U (0x55),1.088480625000000,'16' (0x10)
1.091960125000000,'0' (0x00),1.092739125000000,U (0x55),1.093466250000000,'1' (0x01)
1.096946000000000,'0' (0x00),1.097725000000000,U (0x55),1.098452000000000,'18' (0x12),1.099335000000000,b (0x62),1.099854250000000,\n (0x0A),1.100373625000000,'134' (0x86),1.100893000000000,z (0x7A)
1.146908500000000,'0' (0x00),1.147687500000000,U (0x55),1.148414750000000,'17' (0x11),1.149245750000000,'0' (0x00),1.149765125000000,'0' (0x00),1.150284500000000,'0' (0x00),1.150803875000000,'238' (0xEE)
1.151842625000000,'0' (0x00),1.152621625000000,U (0x55),1.153141125000000,'8' (0x08),1.153990500000000,'140' (0x8C),1.154560500000000,\n (0x0A),1.155130250000000,'2' (0x02),1.155700125000000,_ (0x5F)
1.156828750000000,'0' (0x00),1.157607875000000,U (0x55),1.158179250000000,\t (0x09),1.159184250000000,} (0x7D),1.159754375000000,\n (0x0A),1.160324375000000,'2' (0x02),1.160894250000000,- (0x2D)
1.161867000000000,'0' (0x00),1.162646125000000,U (0x55),1.163373250000000,'16' (0x10)
1.166852875000000,'0' (0x00),1.167631875000000,U (0x55),1.168410875000000,'16' (0x10)
1.171838625000000,'0' (0x00),1.172617750000000,U (0x55),1.173396875000000,'16' (0x10)
1.176824750000000,'0' (0x00),1.177603750000000,U (0x55),1.178382750000000,'16' (0x10)
1.181810250000000,'0' (0x00),1.182589375000000,U (0x55),1.183368250000000,'16' (0x10)
1.186848000000000,'0' (0x00),1.187627000000000,U (0x55),1.188354000000000,'16' (0x10)
1.191833000000000,'0' (0x00),1.192612000000000,U (0x55),1.193338875000000,'1' (0x01)
1.196818125000000,'0' (0x00),1.197597125000000,U (0x55),1.198324125000000,'18' (0x12),1.199206875000000,'230' (0xE6),1.199726375000000,\n (0x0A),1.200245750000000,'135' (0x87),1.200765250000000,'244' (0xF4)
1.246781125000000,'0' (0x00),1.247560125000000,U (0x55),1.248287125000000,'17' (0x11),1.249118125000000,'0' (0x00),1.249637500000000,'0' (0x00),1.250156875000000,'0' (0x00),1.250676250000000,'238' (0xEE)
1.251715000000000,'0' (0x00),1.252494250000000,U (0x55),1.253065625000000,'8' (0x08),1.253966625000000,'167' (0xA7),1.254536500000000,\n (0x0A),1.255106250000000,'3' (0x03),1.255676125000000,C (0x43)
1.256702000000000,'0' (0x00),1.257481125000000,U (0x55),1.258052500000000,\t (0x09),1.258849875000000,'152' (0x98),1.259420000000000,\n (0x0A),1.259990125000000,'3' (0x03),1.260560125000000,'17' (0x11)
1.261740500000000,'0' (0x00),1.262519500000000,U (0x55),1.263246625000000,'16' (0x10)
1.266726625000000,'0' (0x00),1.267505875000000,U (0x55),1.268285125000000,'16' (0x10)
1.271713375000000,'0' (0x00),1.272492625000000,U (0x55),1.273271750000000,'16' (0x10)
1.276700250000000,'0' (0x00),1.277479375000000,U (0x55),1.278258625000000,'16' (0x10)
1.281686875000000,'0' (0x00),1.282466125000000,U (0x55),1.282985625000000,'16' (0x10)
1.286726000000000,'0' (0x00),1.287505000000000,U (0x55),1.288232250000000,'16' (0x10)
1.291712250000000,'0' (0x00),1.292491250000000,U (0x55),1.293218500000000,'1' (0x01)
1.296698500000000,'0' (0x00),1.297477500000000,U (0x55),1.298256625000000,'18' (0x12),1.299087625000000,'230' (0xE6),1.299607125000000,\n (0x0A),1.300126625000000,'135' (0x87),1.300646000000000,'244' (0xF4)
1.346667625000000,'0' (0x00),1.347447000000000,U (0x55),1.348174250000000,'17' (0x11),1.349005375000000,'0' (0x00),1.349524750000000,'0' (0x00),1.350044250000000,'0' (0x00),1.350563625000000,'238' (0xEE)
1.351602625000000,'0' (0x00),1.352381750000000,U (0x55),1.352953125000000,'8' (0x08),1.353906000000000,'191' (0xBF),1.354475750000000,\n (0x0A),1.355045625000000,'3' (0x03),1.355615500000000,+ (0x2B)
1.356641250000000,'0' (0x00),1.357420500000000,U (0x55),1.358147625000000,\t (0x09),1.358841500000000,'176' (0xB0),1.359411500000000,\n (0x0A),1.359981625000000,'3' (0x03),1.360551625000000,'248' (0xF8)
1.361628125000000,'0' (0x00),1.362407250000000,U (0x55),1.363134500000000,'16' (0x10)
1.366615125000000,'0' (0x00),1.367394375000000,U (0x55),1.368173500000000,'16' (0x10)
1.371601750000000,'0' (0x00),1.372381000000000,U (0x55),1.373160125000000,'16' (0x10)
1.376588875000000,'0' (0x00),1.377368125000000,U (0x55),1.378147250000000,'16' (0x10)
1.381627625000000,'0' (0x00),1.382406750000000,U (0x55),1.383134000000000,'16' (0x10)
1.386614125000000,'0' (0x00),1.387393375000000,U (0x55),1.388120625000000,'16' (0x10)
1.391600750000000,'0' (0x00),1.392380000000000,U (0x55),1.393107125000000,'1' (0x01)
1.396587250000000,'0' (0x00),1.397366375000000,U (0x55),1.398145625000000,'18' (0x12),1.398976625000000,'230' (0xE6),1.399496125000000,\n (0x0A),1.400015500000000,'135' (0x87),1.400535000000000,'244' (0xF4)
1.446555125000000,'0' (0x00),1.447334125000000,U (0x55),1.448061375000000,'17' (0x11),1.448892375000000,'0' (0x00),1.449411750000000,'0' (0x00),1.449931125000000,'0' (0x00),1.450450500000000,'238' (0xEE)
1.451489375000000,'0' (0x00),1.452268500000000,U (0x55),1.452839875000000,'8' (0x08),1.453533500000000,'206' (0xCE),1.454103375000000,\n (0x0A),1.454673125000000,'3' (0x03),1.455242875000000,'28' (0x1C)
1.456527125000000,'0' (0x00),1.457306250000000,U (0x55),1.458033375000000,\t (0x09),1.458882375000000,'194' (0xC2),1.459452500000000,\n (0x0A),1.460022750000000,'3' (0x03),1.460592875000000,'230' (0xE6)
1.461513125000000,'0' (0x00),1.462292125000000,U (0x55),1.463071125000000,'16' (0x10)
1.466499125000000,'0' (0x00),1.467278250000000,U (0x55),1.468057375000000,'16' (0x10)
1.471485375000000,'0' (0x00),1.472264375000000,U (0x55),1.473043500000000,'16' (0x10)
1.476471500000000,'0' (0x00),1.477250625000000,U (0x55),1.477770125000000,'16' (0x10)
1.481509875000000,'0' (0x00),1.482288875000000,U (0x55),1.483016125000000,'16' (0x10)
1.486496125000000,'0' (0x00),1.487275125000000,U (0x55),1.488002125000000,'16' (0x10)
1.491482125000000,'0' (0x00),1.492261250000000,U (0x55),1.493040375000000,'1' (0x01)
1.496468250000000,'0' (0x00),1.497247250000000,U (0x55),1.498026375000000,'18' (0x12),1.498857375000000,'206' (0xCE),1.499376750000000,\n (0x0A),1.499896000000000,'132' (0x84),1.500415500000000,'16' (0x10)
1.546433625000000,'0' (0x00),1.547212625000000,U (0x55),1.547939750000000,'17' (0x11),1.548770875000000,'0' (0x00),1.549290250000000,'0' (0x00),1.549809625000000,'0' (0x00),1.550329000000000,'238' (0xEE)
1.551367750000000,'0' (0x00),1.552146875000000,U (0x55),1.552718250000000,'8' (0x08),1.553515500000000,'209' (0xD1),1.554085125000000,\n (0x0A),1.554654750000000,` (0x60),1.555224375000000,'187' (0xBB)
1.556406125000000,'0' (0x00),1.557185375000000,U (0x55),1.557964375000000,\t (0x09),1.558657875000000,'200' (0xC8),1.559227875000000,\n (0x0A),1.559797875000000,` (0x60),1.560367875000000,'131' (0x83)
1.561392250000000,'0' (0x00),1.562171250000000,U (0x55),1.562950375000000,'16' (0x10)
1.566378750000000,'0' (0x00),1.567157875000000,U (0x55),1.567937000000000,'16' (0x10)
1.571365250000000,'0' (0x00),1.572144375000000,U (0x55),1.572923500000000,'16' (0x10)
1.576351500000000,'0' (0x00),1.577130625000000,U (0x55),1.577702000000000,'16' (0x10)
1.581389875000000,'0' (0x00),1.582168875000000,U (0x55),1.582896125000000,'16' (0x10)
1.586376125000000,'0' (0x00),1.587155250000000,U (0x55),1.587882500000000,'16' (0x10)
1.591362750000000,'0' (0x00),1.592141875000000,U (0x55),1.592921000000000,'1' (0x01)
1.596348875000000,'0' (0x00),1.597128000000000,U (0x55),1.597907000000000,'18' (0x12),1.598738000000000,'209' (0xD1),1.599257500000000,\n (0x0A),1.599776875000000,'252' (0xFC),1.600296375000000,'148' (0x94)
1.646313500000000,'0' (0x00),1.647092500000000,U (0x55),1.647819750000000,'17' (0x11),1.648650750000000,'0' (0x00),1.649170125000000,'0' (0x00),1.649689500000000,'0' (0x00),1.650208750000000,'238' (0xEE)
1.651247500000000,'0' (0x00),1.652026625000000,U (0x55),1.652597875000000,'8' (0x08),1.653446750000000,'209' (0xD1),1.654016500000000,\n (0x0A),1.654586250000000,` (0x60),1.655155875000000,'187' (0xBB)
1.656285500000000,'0' (0x00),1.657064625000000,U (0x55),1.657843625000000,\t (0x09),1.658537500000000,'200' (0xC8),1.659107500000000,\n (0x0A),1.659677500000000,` (0x60),1.660247625000000,'131' (0x83)
1.661271625000000,'0' (0x00),1.662050750000000,U (0x55),1.662829875000000,'16' (0x10)
1.666258000000000,'0' (0x00),1.667037125000000,U (0x55),1.667816375000000,'16' (0x10)
1.671244500000000,'0' (0x00),1.672023625000000,U (0x55),1.672543000000000,'16' (0x10)
1.676282500000000,'0' (0x00),1.677061750000000,U (0x55),1.677789000000000,'16' (0x10)
1.681269375000000,'0' (0x00),1.682048500000000,U (0x55),1.682775625000000,'16' (0x10)
1.686255500000000,'0' (0x00),1.687034500000000,U (0x55),1.687813625000000,'16' (0x10)
1.691241375000000,'0' (0x00),1.692020250000000,U (0x55),1.692799375000000,'1' (0x01)
1.696227125000000,'0' (0x00),1.697006125000000,U (0x55),1.697785125000000,'18' (0x12),1.698616125000000,'209' (0xD1),1.699135500000000,\n (0x0A),1.699655000000000,'252' (0xFC),1.700174375000000,'148' (0x94)
1.746191500000000,'0' (0x00),1.746970625000000,U (0x55),1.747697750000000,'17' (0x11),1.748528750000000,'0' (0x00),1.749048125000000,'0' (0x00),1.749567625000000,'0' (0x00),1.750087000000000,'238' (0xEE)
1.751125750000000,'0' (0x00),1.751904750000000,U (0x55),1.752476000000000,'8' (0x08),1.753429000000000,'209' (0xD1),1.753998750000000,\n (0x0A),1.754568625000000,` (0x60),1.755138375000000,'187' (0xBB)
1.756163625000000,'0' (0x00),1.756942625000000,U (0x55),1.757721750000000,\t (0x09),1.758622625000000,'200' (0xC8),1.759192625000000,\n (0x0A),1.759762500000000,` (0x60),1.760332500000000,'131' (0x83)
1.761149875000000,'0' (0x00),1.761929000000000,U (0x55),1.762708000000000,'16' (0x10)
1.766135875000000,'0' (0x00),1.766915000000000,U (0x55),1.767694125000000,'16' (0x10)
1.771122000000000,'0' (0x00),1.771901000000000,U (0x55),1.772472375000000,'16' (0x10)
1.776159875000000,'0' (0x00),1.776938875000000,U (0x55),1.777666000000000,'16' (0x10)
1.781146000000000,'0' (0x00),1.781925125000000,U (0x55),1.782652250000000,'16' (0x10)
1.786132375000000,'0' (0x00),1.786911500000000,U (0x55),1.787690625000000,'16' (0x10)
1.791118625000000,'0' (0x00),1.791897625000000,U (0x55),1.792676625000000,'1' (0x01)
1.796104375000000,'0' (0x00),1.796883500000000,U (0x55),1.797662500000000,'18' (0x12),1.798493625000000,'209' (0xD1),1.799013000000000,\n (0x0A),1.799532375000000,'252' (0xFC),1.800051750000000,'148' (0x94)
1.846070500000000,'0' (0x00),1.846849500000000,U (0x55),1.847576750000000,'17' (0x11),1.848459750000000,'0' (0x00),1.848979125000000,'0' (0x00),1.849498625000000,'0' (0x00),1.850018000000000,'238' (0xEE)
1.851056875000000,'0' (0x00),1.851835875000000,U (0x55),1.852615000000000,'8' (0x08),1.853360000000000,'209' (0xD1),1.853929750000000,\n (0x0A),1.854499375000000,` (0x60),1.855069000000000,'187' (0xBB)
1.856043250000000,'0' (0x00),1.856822375000000,U (0x55),1.857601625000000,\t (0x09),1.858502625000000,'200' (0xC8),1.859072625000000,\n (0x0A),1.859642625000000,` (0x60),1.860212750000000,'131' (0x83)
1.861030000000000,'0' (0x00),1.861809125000000,U (0x55),1.862588375000000,'16' (0x10)
1.866016625000000,'0' (0x00),1.866795875000000,U (0x55),1.867315375000000,'16' (0x10)
1.871055375000000,'0' (0x00),1.871834500000000,U (0x55),1.872561625000000,'16' (0x10)
1.876041750000000,'0' (0x00),1.876820875000000,U (0x55),1.877548125000000,'16' (0x10)
1.881028250000000,'0' (0x00),1.881807375000000,U (0x55),1.882586500000000,'16' (0x10)
1.886014750000000,'0' (0x00),1.886793750000000,U (0x55),1.887572875000000,'16' (0x10)
1.891001250000000,'0' (0x00),1.891780500000000,U (0x55),1.892559625000000,'1' (0x01)
1.895988125000000,'0' (0x00),1.896767250000000,U (0x55),1.897546500000000,'18' (0x12),1.898377625000000,'209' (0xD1),1.898897125000000,\n (0x0A),1.899416500000000,'252' (0xFC),1.899936000000000,'148' (0x94)
1.945957625000000,'0' (0x00),1.946736875000000,U (0x55),1.947464125000000,'17' (0x11),1.948347125000000,'0' (0x00),1.948866500000000,'0' (0x00),1.949385875000000,'0' (0x00),1.949905250000000,'238' (0xEE)
1.950944125000000,'0' (0x00),1.951723250000000,U (0x55),1.952502375000000,'8' (0x08),1.953299125000000,'209' (0xD1),1.953868875000000,\n (0x0A),1.954438625000000,` (0x60),1.955008375000000,'187' (0xBB)
1.955930250000000,'0' (0x00),1.956709375000000,U (0x55),1.957488375000000,\t (0x09),1.958285875000000,'200' (0xC8),1.958855875000000,\n (0x0A),1.959426000000000,` (0x60),1.959996125000000,'131' (0x83)
1.960916375000000,'0' (0x00),1.961695375000000,U (0x55),1.962214875000000,'16' (0x10)
1.965903000000000,'0' (0x00),1.966682250000000,U (0x55),1.967253750000000,'16' (0x10)
1.970941625000000,'0' (0x00),1.971720625000000,U (0x55),1.972447750000000,'16' (0x10)
1.975927500000000,'0' (0x00),1.976706625000000,U (0x55),1.977433750000000,'16' (0x10)
1.980913500000000,'0' (0x00),1.981692500000000,U (0x55),1.982471500000000,'16' (0x10)
1.985899000000000,'0' (0x00),1.986678000000000,U (0x55),1.987457000000000,'16' (0x10)
1.990884875000000,'0' (0x00),1.991663875000000,U (0x55),1.992443000000000,'1' (0x01)
1.995923000000000,'0' (0x00),1.996702125000000,U (0x55),1.997429250000000,'18' (0x12),1.998260250000000,'209' (0xD1),1.998779625000000,\n (0x0A),1.999299125000000,'252' (0xFC),1.999818500000000,'148' (0x94)
2.045836250000000,'0' (0x00),2.046615250000000,U (0x55),2.047394250000000,'17' (0x11),2.048225125000000,'0' (0x00),2.048744375000000,'0' (0x00),2.049263750000000,'0' (0x00),2.049783125000000,'238' (0xEE)
2.050822000000000,'0' (0x00),2.051601125000000,U (0x55),2.052380250000000,'8' (0x08),2.053228875000000,'209' (0xD1),2.053798625000000,\n (0x0A),2.054368500000000,` (0x60),2.054938125000000,'187' (0xBB)
2.055807875000000,'0' (0x00),2.056586875000000,U (0x55),2.057365875000000,\t (0x09),2.058215125000000,'200' (0xC8),2.058785125000000,\n (0x0A),2.059355250000000,` (0x60),2.059925250000000,'131' (0x83)
2.060793750000000,'0' (0x00),2.061572750000000,U (0x55),2.062092125000000,'16' (0x10)
2.065831375000000,'0' (0x00),2.066610500000000,U (0x55),2.067337500000000,'16' (0x10)
2.070817000000000,'0' (0x00),2.071596125000000,U (0x55),2.072323125000000,'16' (0x10)
2.075803125000000,'0' (0x00),2.076582250000000,U (0x55),2.077361375000000,'16' (0x10)
2.080789875000000,'0' (0x00),2.081569125000000,U (0x55),2.082348250000000,'16' (0x10)
2.085776500000000,'0' (0x00),2.086555625000000,U (0x55),2.087334875000000,'16' (0x10)
2.090762875000000,'0' (0x00),2.091542000000000,U (0x55),2.092321125000000,'1' (0x01)
2.095801125000000,'0' (0x00),2.096580250000000,U (0x55),2.097307625000000,'18' (0x12),2.098138750000000,'209' (0xD1),2.098658125000000,\n (0x0A),2.099177500000000,'252' (0xFC),2.099696875000000,'148' (0x94)
2.145719000000000,'0' (0x00),2.146498125000000,U (0x55),2.147277375000000,'17' (0x11),2.148108500000000,'0' (0x00),2.148627875000000,'0' (0x00),2.149147250000000,'0' (0x00),2.149666625000000,'238' (0xEE)
2.150705500000000,'0' (0x00),2.151484625000000,U (0x55),2.152263750000000,'8' (0x08),2.153215750000000,'209' (0xD1),2.153785500000000,\n (0x0A),2.154355375000000,` (0x60),2.154925125000000,'187' (0xBB)
2.155691875000000,'0' (0x00),2.156470875000000,U (0x55),2.157250000000000,\t (0x09),2.158151250000000,'200' (0xC8),2.158721375000000,\n (0x0A),2.159291375000000,` (0x60),2.159861375000000,'131' (0x83)
2.160678375000000,'0' (0x00),2.161457500000000,U (0x55),2.162028875000000,'16' (0x10)
2.165716375000000,'0' (0x00),2.166495500000000,U (0x55),2.167222625000000,'16' (0x10)
2.170702375000000,'0' (0x00),2.171481500000000,U (0x55),2.172208625000000,'16' (0x10)
2.175688875000000,'0' (0x00),2.176468125000000,U (0x55),2.177247250000000,'16' (0x10)
2.180675500000000,'0' (0x00),2.181454500000000,U (0x55),2.182233625000000,'16' (0x10)
2.185661750000000,'0' (0x00),2.186440750000000,U (0x55),2.187220000000000,'16' (0x10)
2.190700000000000,'0' (0x00),2.191479000000000,U (0x55),2.192206125000000,'1' (0x01)
2.195686250000000,'0' (0x00),2.196465500000000,U (0x55),2.197192625000000,'18' (0x12),2.198023750000000,'209' (0xD1),2.198543000000000,\n (0x0A),2.199062500000000,'252' (0xFC),2.199581875000000,'148' (0x94)
2.245602125000000,'0' (0x00),2.246381125000000,U (0x55),2.247160250000000,'17' (0x11),2.247991250000000,'0' (0x00),2.248510625000000,'0' (0x00),2.249030000000000,'0' (0x00),2.249549250000000,'238' (0xEE)
2.250588000000000,'0' (0x00),2.251366875000000,U (0x55),2.252146000000000,'8' (0x08),2.253098250000000,'209' (0xD1),2.253668000000000,\n (0x0A),2.254237625000000,` (0x60),2.254807375000000,'187' (0xBB)
2.255574250000000,'0' (0x00),2.256353375000000,U (0x55),2.256872750000000,\t (0x09),2.257619000000000,'200' (0xC8),2.258189125000000,\n (0x0A),2.258759250000000,` (0x60),2.259329250000000,'131' (0x83)
2.260560125000000,'0' (0x00),2.261339000000000,U (0x55),2.261910250000000,'16' (0x10)
2.265597250000000,'0' (0x00),2.266376250000000,U (0x55),2.267103375000000,'16' (0x10)
2.270583125000000,'0' (0x00),2.271362250000000,U (0x55),2.272141250000000,'16' (0x10)
2.275569375000000,'0' (0x00),2.276348500000000,U (0x55),2.277127625000000,'16' (0x10)
2.280555375000000,'0' (0x00),2.281334500000000,U (0x55),2.282113500000000,'16' (0x10)
2.285540875000000,'0' (0x00),2.286319750000000,U (0x55),2.287098750000000,'16' (0x10)
2.290578875000000,'0' (0x00),2.291358000000000,U (0x55),2.292085250000000,'1' (0x01)
2.295565125000000,'0' (0x00),2.296344125000000,U (0x55),2.297071250000000,'18' (0x12),2.297902375000000,'209' (0xD1),2.298421750000000,\n (0x0A),2.298941125000000,'252' (0xFC),2.299460500000000,'148' (0x94)
2.345483750000000,'0' (0x00),2.346262875000000,U (0x55),2.347042125000000,'17' (0x11),2.347873250000000,'0' (0x00),2.348392750000000,'0' (0x00),2.348912250000000,'0' (0x00),2.349431750000000,'238' (0xEE)
2.350470750000000,'0' (0x00),2.351249750000000,U (0x55),2.352028875000000,'8' (0x08),2.352722125000000,'209' (0xD1),2.353291875000000,\n (0x0A),2.353861750000000,` (0x60),2.354431375000000,'187' (0xBB)
2.355457125000000,'0' (0x00),2.356236375000000,U (0x55),2.356807750000000,\t (0x09),2.357553625000000,'200' (0xC8),2.358123750000000,\n (0x0A),2.358693875000000,` (0x60),2.359263875000000,'131' (0x83)
2.360444250000000,'0' (0x00),2.361223500000000,U (0x55),2.361795000000000,'16' (0x10)
2.365483250000000,'0' (0x00),2.366262250000000,U (0x55),2.366989500000000,'16' (0x10)
2.370469875000000,'0' (0x00),2.371249000000000,U (0x55),2.372028250000000,'16' (0x10)
2.375456625000000,'0' (0x00),2.376235875000000,U (0x55),2.377015125000000,'16' (0x10)
2.380443500000000,'0' (0x00),2.381222625000000,U (0x55),2.382001750000000,'16' (0x10)
2.385482000000000,'0' (0x00),2.386261125000000,U (0x55),2.386988375000000,'16' (0x10)
2.390468625000000,'0' (0x00),2.391247750000000,U (0x55),2.391974875000000,'1' (0x01)
2.395454875000000,'0' (0x00),2.396234125000000,U (0x55),2.396961250000000,'18' (0x12),2.397844375000000,'209' (0xD1),2.398363875000000,\n (0x0A),2.398883250000000,'252' (0xFC),2.399402750000000,'148' (0x94)
2.445420000000000,'0' (0x00),2.446199000000000,U (0x55),2.446926000000000,'17' (0x11),2.447756875000000,'0' (0x00),2.448276125000000,'0' (0x00),2.448795500000000,'0' (0x00),2.449314750000000,'238' (0xEE)
2.450353375000000,'0' (0x00),2.451132250000000,U (0x55),2.451651500000000,'8' (0x08),2.452345500000000,'209' (0xD1),2.452915375000000,\n (0x0A),2.453485125000000,` (0x60),2.454055000000000,'187' (0xBB)
2.455339125000000,'0' (0x00),2.456118125000000,U (0x55),2.456689500000000,\t (0x09),2.457538875000000,'200' (0xC8),2.458109000000000,\n (0x0A),2.458679000000000,` (0x60),2.459249125000000,'131' (0x83)
2.460376875000000,'0' (0x00),2.461155875000000,U (0x55),2.461882875000000,'16' (0x10)
2.465362500000000,'0' (0x00),2.466141375000000,U (0x55),2.466920250000000,'16' (0x10)
2.470347750000000,'0' (0x00),2.471126625000000,U (0x55),2.471905625000000,'16' (0x10)
2.475333125000000,'0' (0x00),2.476112125000000,U (0x55),2.476891125000000,'16' (0x10)
2.480318625000000,'0' (0x00),2.481097625000000,U (0x55),2.481876625000000,'16' (0x10)
2.485356125000000,'0' (0x00),2.486135125000000,U (0x55),2.486862250000000,'16' (0x10)
2.490341875000000,'0' (0x00),2.491121000000000,U (0x55),2.491848125000000,'1' (0x01)
2.495328000000000,'0' (0x00),2.496107125000000,U (0x55),2.496834250000000,'18' (0x12),2.497717250000000,'209' (0xD1),2.498236750000000,\n (0x0A),2.498756125000000,'252' (0xFC),2.499275500000000,'148' (0x94)
2.545294000000000,'0' (0x00),2.546073125000000,U (0x55),2.546800375000000,'17' (0x11),2.547631500000000,'0' (0x00),2.548150875000000,'0' (0x00),2.548670250000000,'0' (0x00),2.549189625000000,'238' (0xEE)
2.550228250000000,'0' (0x00),2.551007250000000,U (0x55),2.551578625000000,'8' (0x08),2.552583125000000,'209' (0xD1),2.553152875000000,\n (0x0A),2.553722625000000,` (0x60),2.554292500000000,'187' (0xBB)
2.555214250000000,'0' (0x00),2.555993375000000,U (0x55),2.556564625000000,\t (0x09),2.557569875000000,'200' (0xC8),2.558140000000000,\n (0x0A),2.558710125000000,` (0x60),2.559280125000000,'131' (0x83)
2.560252125000000,'0' (0x00),2.561031250000000,U (0x55),2.561758375000000,'16' (0x10)
2.565238375000000,'0' (0x00),2.566017500000000,U (0x55),2.566796625000000,'16' (0x10)
2.570224750000000,'0' (0x00),2.571003750000000,U (0x55),2.571782875000000,'16' (0x10)
2.575211000000000,'0' (0x00),2.575990000000000,U (0x55),2.576769000000000,'16' (0x10)
2.580196625000000,'0' (0x00),2.580975625000000,U (0x55),2.581495000000000,'16' (0x10)
2.585234125000000,'0' (0x00),2.586013125000000,U (0x55),2.586740250000000,'16' (0x10)
2.590220625000000,'0' (0x00),2.590999750000000,U (0x55),2.591726875000000,'1' (0x01)
2.595207000000000,'0' (0x00),2.595986125000000,U (0x55),2.596713250000000,'18' (0x12),2.597596250000000,'209' (0xD1),2.598115625000000,\n (0x0A),2.598635125000000,'252' (0xFC),2.599154500000000,'148' (0x94)
2.645172000000000,'0' (0x00),2.645951000000000,U (0x55),2.646678125000000,'17' (0x11),2.647509125000000,'0' (0x00),2.648028375000000,'0' (0x00),2.648547750000000,'0' (0x00),2.649067125000000,'238' (0xEE)
2.650105875000000,'0' (0x00),2.650884750000000,U (0x55),2.651456000000000,'8' (0x08),2.652305000000000,'209' (0xD1),2.652874750000000,\n (0x0A),2.653444375000000,` (0x60),2.654014125000000,'187' (0xBB)
2.655143375000000,'0' (0x00),2.655922250000000,U (0x55),2.656649375000000,\t (0x09),2.657550750000000,'200' (0xC8),2.658120875000000,\n (0x0A),2.658690875000000,` (0x60),2.659261000000000,'131' (0x83)
2.660128875000000,'0' (0x00),2.660907875000000,U (0x55),2.661687000000000,'16' (0x10)
2.665114625000000,'0' (0x00),2.665893625000000,U (0x55),2.666672500000000,'16' (0x10)
2.670100500000000,'0' (0x00),2.670879625000000,U (0x55),2.671658875000000,'16' (0x10)
2.675086625000000,'0' (0x00),2.675865625000000,U (0x55),2.676644750000000,'16' (0x10)
2.680124750000000,'0' (0x00),2.680903875000000,U (0x55),2.681631000000000,'16' (0x10)
2.685111125000000,'0' (0x00),2.685890250000000,U (0x55),2.686617500000000,'16' (0x10)
2.690097875000000,'0' (0x00),2.690877125000000,U (0x55),2.691604375000000,'1' (0x01)
2.695084625000000,'0' (0x00),2.695863875000000,U (0x55),2.696642875000000,'18' (0x12),2.697474000000000,'209' (0xD1),2.697993375000000,\n (0x0A),2.698512750000000,'252' (0xFC),2.699032125000000,'148' (0x94)
2.745050875000000,'0' (0x00),2.745829875000000,U (0x55),2.746557000000000,'17' (0x11),2.747388000000000,'0' (0x00),2.747907375000000,'0' (0x00),2.748426875000000,'0' (0x00),2.748946250000000,'238' (0xEE)
2.749985125000000,'0' (0x00),2.750764250000000,U (0x55),2.751335625000000,'8' (0x08),2.752288875000000,'209' (0xD1),2.752858750000000,\n (0x0A),2.753428750000000,` (0x60),2.753998625000000,'187' (0xBB)
2.755023625000000,'0' (0x00),2.755802750000000,U (0x55),2.756530000000000,\t (0x09),2.757223750000000,'200' (0xC8),2.757793750000000,\n (0x0A),2.758363625000000,` (0x60),2.758933625000000,'131' (0x83)
2.760009750000000,'0' (0x00),2.760788750000000,U (0x55),2.761567875000000,'16' (0x10)
2.764995875000000,'0' (0x00),2.765774875000000,U (0x55),2.766553875000000,'16' (0x10)
2.769981750000000,'0' (0x00),2.770760875000000,U (0x55),2.771539875000000,'16' (0x10)
2.774967750000000,'0' (0x00),2.775746875000000,U (0x55),2.776266250000000,'16' (0x10)
2.780006250000000,'0' (0x00),2.780785375000000,U (0x55),2.781512500000000,'16' (0x10)
2.784992375000000,'0' (0x00),2.785771250000000,U (0x55),2.786498375000000,'16' (0x10)
2.789978250000000,'0' (0x00),2.790757250000000,U (0x55),2.791536375000000,'1' (0x01)
2.794964375000000,'0' (0x00),2.795743500000000,U (0x55),2.796522750000000,'18' (0x12),2.797354000000000,'209' (0xD1),2.797873375000000,\n (0x0A),2.798392875000000,'252' (0xFC),2.798912125000000,'148' (0x94)
2.844929875000000,'0' (0x00),2.845709000000000,U (0x55),2.846436250000000,'17' (0x11),2.847267250000000,'0' (0x00),2.847786625000000,'0' (0x00),2.848306000000000,'0' (0x00),2.848825500000000,'238' (0xEE)
2.849864250000000,'0' (0x00),2.850643250000000,U (0x55),2.851214500000000,'8' (0x08),2.851908375000000,'209' (0xD1),2.852478125000000,\n (0x0A),2.853047875000000,` (0x60),2.853617625000000,'187' (0xBB)
2.854901750000000,'0' (0x00),2.855680750000000,U (0x55),2.856407875000000,\t (0x09),2.857205250000000,'200' (0xC8),2.857775250000000,\n (0x0A),2.858345250000000,` (0x60),2.858915375000000,'131' (0x83)
2.859887625000000,'0' (0x00),2.860666625000000,U (0x55),2.861445750000000,'16' (0x10)
2.864873750000000,'0' (0x00),2.865653000000000,U (0x55),2.866432250000000,'16' (0x10)
2.869859875000000,'0' (0x00),2.870639125000000,U (0x55),2.871418250000000,'16' (0x10)
2.874846000000000,'0' (0x00),2.875625125000000,U (0x55),2.876196375000000,'16' (0x10)
2.879883500000000,'0' (0x00),2.880662625000000,U (0x55),2.881389750000000,'16' (0x10)
2.884869375000000,'0' (0x00),2.885648500000000,U (0x55),2.886375625000000,'16' (0x10)
2.889855000000000,'0' (0x00),2.890634000000000,U (0x55),2.891412875000000,'1' (0x01)
2.894840375000000,'0' (0x00),2.895619375000000,U (0x55),2.896398500000000,'18' (0x12),2.897229375000000,'209' (0xD1),2.897748750000000,\n (0x0A),2.898268125000000,'252' (0xFC),2.898787625000000,'148' (0x94)
2.944806250000000,'0' (0x00),2.945585375000000,U (0x55),2.946312500000000,'17' (0x11),2.947143500000000,'0' (0x00),2.947663000000000,'0' (0x00),2.948182500000000,'0' (0x00),2.948702000000000,'238' (0xEE)
2.949740875000000,'0' (0x00),2.950520125000000,U (0x55),2.951091375000000,'8' (0x08),2.952044125000000,'209' (0xD1),2.952613875000000,\n (0x0A),2.953183500000000,` (0x60),2.953753250000000,'187' (0xBB)
2.954779250000000,'0' (0x00),2.955558375000000,U (0x55),2.956337500000000,\t (0x09),2.957342250000000,'200' (0xC8),2.957912125000000,\n (0x0A),2.958482125000000,` (0x60),2.959052125000000,'131' (0x83)
2.959765750000000,'0' (0x00),2.960545000000000,U (0x55),2.961324000000000,'16' (0x10)
2.964751875000000,'0' (0x00),2.965530875000000,U (0x55),2.966309750000000,'16' (0x10)
2.969737000000000,'0' (0x00),2.970516000000000,U (0x55),2.971035500000000,'16' (0x10)
2.974774875000000,'0' (0x00),2.975554000000000,U (0x55),2.976281000000000,'16' (0x10)
2.979761000000000,'0' (0x00),2.980540125000000,U (0x55),2.981267125000000,'16' (0x10)
2.984746875000000,'0' (0x00),2.985526000000000,U (0x55),2.986305125000000,'16' (0x10)
2.989733125000000,'0' (0x00),2.990512250000000,U (0x55),2.991291375000000,'1' (0x01)
